Date,Adj Close,Close,High,Low,Open,Volume
2014-12-31,48.720131,48.724998,51.125,48.505001,50.505001,4878800
2015-01-02,48.320171,48.325001,50.064999,47.580002,49.424999,2542800
2015-01-05,46.14539,46.150002,47.799999,45.75,47.625,2646200
2015-01-06,44.31557100000001,44.32,46.584999,43.685001,46.314999,3507200
2015-01-07,46.020405,46.025002,46.32,44.860001,45.165001,2863900
2015-01-08,48.645142,48.650002,48.924999,47.049999,47.209999,3019500
2015-01-09,47.66024,47.665001,49.16,46.855,49.105,3776700
2015-01-12,46.195385,46.200001,48.110001,45.82,47.985001,3436100
2015-01-13,46.155388,46.16,48.990002,45.049999,47.505001,4160600
2015-01-14,45.445461,45.450001,46.064999,44.169998,44.695,4503100
2015-01-15,43.64064000000001,43.645,46.224998,43.455002,45.970001,4083600
2015-01-16,45.195484,45.200001,45.310001,43.215,43.43,2954100
2015-01-20,46.195385,46.200001,46.535,44.419998,45.959999,2941800
2015-01-21,46.905315,46.91,47.540001,45.32,45.779999,2781900
2015-01-22,49.515053,49.52,49.650002,46.240002,47.5,3388700
2015-01-23,49.84502,49.849998,50.294998,49.07,49.52,2958900
2015-01-26,49.735031,49.740002,49.950001,48.91,49.700001,2100100
2015-01-27,45.885414,45.889999,47.404999,45.32,47.375,4666400
2015-01-28,45.095493,45.099998,48.150002,45.07,47.994999,3936000
2015-01-29,46.400364,46.404999,46.630001,43.799999,44.945,3678300
2015-01-30,45.335472,45.34,47.325001,45.130001,46.244999,4546300
2015-02-02,46.525349,46.529999,46.599998,43.490002,45.584999,4142600
2015-02-03,47.795223,47.799999,47.915001,46.09,46.919998,3790500
2015-02-04,47.670238,47.674999,48.639999,46.91,47.200001,2596500
2015-02-05,48.935108,48.939999,49.005001,47.720001,48.014999,2090100
2015-02-06,48.0452,48.049999,49.474998,47.514999,49.150002,2569600
2015-02-09,47.515255,47.52,48.23,47.224998,47.474998,1995700
2015-02-10,49.790024,49.794998,49.974998,48.130001,48.395,2484500
2015-02-11,50.349968,50.355,50.66,49.669998,49.974998,2538600
2015-02-12,52.109795,52.115002,52.134998,51.084999,51.259998,3189600
2015-02-13,53.424664,53.43,53.439999,52.25,52.529999,2518700
2015-02-17,53.569649,53.575001,53.665001,53.035,53.419998,1723500
2015-02-18,53.799625,53.805,53.869999,53.150002,53.395,1466200
2015-02-19,54.609547,54.615002,54.695,53.650002,53.674999,1574800
2015-02-20,55.659439,55.665001,55.775002,53.970001,54.485001,1891100
2015-02-23,55.879417,55.884998,55.889999,55.235001,55.630001,1645300
2015-02-24,55.99440799999999,56.0,56.165001,55.134998,55.639999,2173000
2015-02-25,55.544449,55.549999,56.365002,55.185001,55.705002,2344800
2015-02-26,56.389366,56.395,56.465,55.25,55.709999,2423700
2015-02-27,55.64444399999999,55.650002,56.43,55.380001,56.330002,1849800
2015-03-02,57.144291,57.150002,57.195,55.924999,55.950001,1855100
2015-03-03,56.324375,56.330002,56.805,55.27,56.650002,2674800
2015-03-04,55.699436,55.705002,56.025002,54.764999,55.794998,2424400
2015-03-05,55.944412,55.950001,56.474998,55.299999,56.130001,1923900
2015-03-06,54.019604,54.025002,56.095001,53.645,55.790001,3119300
2015-03-09,54.539551,54.544998,54.93,53.724998,54.41,2359800
2015-03-10,51.519855,51.525002,53.375,51.5,53.345001,3983300
2015-03-11,50.614941,50.619999,51.904999,50.549999,51.665001,4649000
2015-03-12,51.584846,51.59,51.775002,50.384998,50.474998,2549800
2015-03-13,50.91991,50.924999,52.064999,49.959999,51.455002,4127400
2015-03-16,52.869717,52.875,52.900002,51.32,51.490002,2395000
2015-03-17,53.164688,53.169998,53.375,52.075001,52.419998,2023700
2015-03-18,54.694538,54.700001,55.41,51.875,52.715,3474700
2015-03-19,54.959511,54.965,55.375,54.625,54.889999,2320500
2015-03-20,56.099396,56.105,56.814999,55.985001,56.275002,2183600
2015-03-23,55.62944,55.634998,56.375,55.630001,55.93,2060200
2015-03-24,55.064499,55.07,56.419998,55.040001,55.625,1937100
2015-03-25,51.224998,51.224998,55.445,51.224998,55.355,3664300
2015-03-26,50.805,50.805,51.615002,49.505001,50.02,4095000
2015-03-27,51.294998,51.294998,51.709999,50.494999,50.705002,2042700
2015-03-30,53.139999,53.139999,53.240002,52.294998,52.330002,3150300
2015-03-31,51.494999,51.494999,52.994999,51.395,52.654999,2593900
2015-04-01,50.625,50.625,51.424999,49.625,51.424999,3647700
2015-04-02,50.709999,50.709999,51.200001,50.224998,50.724998,2303700
2015-04-06,51.93,51.93,52.369999,49.59,49.794998,3144700
2015-04-07,51.689999,51.689999,53.0,51.685001,51.865002,2389400
2015-04-08,52.919998,52.919998,53.125,51.709999,51.73,3523800
2015-04-09,53.904999,53.904999,53.945,52.294998,52.869999,2311000
2015-04-10,54.549999,54.549999,54.57,53.494999,53.895,2362200
2015-04-13,54.145,54.145,55.509998,53.955002,54.695,2400000
2015-04-14,53.68,53.68,54.43,52.764999,54.025002,3513300
2015-04-15,54.630001,54.630001,55.02,53.900002,54.139999,3973200
2015-04-16,54.439999,54.439999,54.73,54.005001,54.259998,1893500
2015-04-17,51.895,51.895,53.334999,51.209999,52.889999,3883900
2015-04-20,54.215,54.215,54.494999,52.610001,52.695,2959000
2015-04-21,54.91,54.91,55.439999,54.73,55.18,5307800
2015-04-22,55.799999,55.799999,56.075001,54.285,55.334999,2539900
2015-04-23,56.470001,56.470001,57.189999,55.215,55.27,2729200
2015-04-24,58.68,58.68,58.965,57.959999,58.209999,2967000
2015-04-27,58.305,58.305,59.715,57.915001,59.400002,3357500
2015-04-28,57.924999,57.924999,58.75,56.474998,58.419998,3578200
2015-04-29,56.82,56.82,57.970001,55.904999,56.955002,4040700
2015-04-30,54.150002,54.150002,56.575001,53.305,55.875,6420200
2015-05-01,56.34,56.34,56.389999,54.75,54.77,3958600
2015-05-04,56.540001,56.540001,57.615002,56.474998,56.805,2749400
2015-05-05,53.860001,53.860001,56.215,53.724998,55.904999,5847800
2015-05-06,52.709999,52.709999,54.549999,51.605,54.084999,4445800
2015-05-07,53.615002,53.615002,54.060001,52.52,52.654999,3512900
2015-05-08,55.580002,55.580002,55.974998,55.029999,55.279999,3716200
2015-05-11,54.970001,54.970001,56.080002,54.860001,55.735001,2896400
2015-05-12,54.259998,54.259998,55.055,52.755001,53.985001,3965300
2015-05-13,54.540001,54.540001,55.779999,54.314999,54.965,2760400
2015-05-14,56.955002,56.955002,57.07,55.279999,55.904999,3684000
2015-05-15,56.950001,56.950001,57.610001,56.52,57.404999,3052200
2015-05-18,57.650002,57.650002,58.005001,56.529999,56.669998,2300800
2015-05-19,57.485001,57.485001,58.119999,57.215,57.875,4107400
2015-05-20,57.580002,57.580002,58.615002,56.685001,57.615002,2318000
2015-05-21,58.485001,58.485001,58.705002,57.040001,57.299999,1921300
2015-05-22,58.325001,58.325001,58.935001,58.169998,58.285,1662000
2015-05-26,56.305,56.305,58.150002,55.610001,57.91,2926200
2015-05-27,59.014999,59.014999,59.189999,56.445,56.794998,2797700
2015-05-28,58.580002,58.580002,59.07,58.064999,58.654999,1888400
2015-05-29,57.59,57.59,58.735001,57.16,58.48,2207600
2015-06-01,58.095001,58.095001,58.595001,56.720001,58.494999,2857500
2015-06-02,57.564999,57.564999,58.424999,56.634998,57.485001,2736700
2015-06-03,58.07,58.07,58.740002,57.669998,58.384998,2438900
2015-06-04,56.805,56.805,58.209999,56.23,57.119999,3868800
2015-06-05,56.375,56.375,56.955002,55.334999,56.555,2887300
2015-06-08,54.650002,54.650002,56.400002,54.305,56.264999,2987100
2015-06-09,54.380001,54.380001,54.950001,53.134998,54.25,3187500
2015-06-10,56.535,56.535,57.060001,54.740002,54.91,3224300
2015-06-11,56.845001,56.845001,57.615002,56.535,57.139999,2439200
2015-06-12,55.400002,55.400002,56.275002,55.215,55.915001,2518700
2015-06-15,54.634998,54.634998,54.865002,53.240002,54.189999,4185100
2015-06-16,55.470001,55.470001,55.755001,54.349998,54.389999,2109700
2015-06-17,55.935001,55.935001,56.485001,54.875,55.775002,3508100
2015-06-18,58.299999,58.299999,58.66,56.369999,56.404999,3388100
2015-06-19,57.41,57.41,58.619999,57.41,58.465,1763100
2015-06-22,58.794998,58.794998,59.314999,58.404999,58.794998,2744100
2015-06-23,58.939999,58.939999,59.099998,58.195,59.0,2393900
2015-06-24,58.035,58.035,59.459999,57.98,58.715,1768800
2015-06-25,57.654999,57.654999,58.865002,57.384998,58.685001,1775100
2015-06-26,56.584999,56.584999,58.025002,55.880001,57.605,2748000
2015-06-29,52.584999,52.584999,55.599998,52.474998,54.59,5703000
2015-06-30,53.185001,53.185001,54.025002,52.595001,53.68,3683200
2015-07-01,54.275002,54.275002,54.970001,53.599998,54.625,2950500
2015-07-02,54.48,54.48,54.939999,53.884998,54.764999,2198400
2015-07-06,54.02,54.02,54.924999,53.0,53.355,2746000
2015-07-07,54.294998,54.294998,54.549999,51.205002,54.174999,5215200
2015-07-08,51.575001,51.575001,53.419998,51.259998,53.215,3851700
2015-07-09,51.424999,51.424999,53.709999,51.424999,53.654999,2609600
2015-07-10,53.814999,53.814999,54.400002,52.939999,53.400002,2567900
2015-07-13,56.564999,56.564999,56.779999,55.165001,55.174999,2184600
2015-07-14,57.700001,57.700001,58.205002,56.794998,56.884998,2129200
2015-07-15,57.974998,57.974998,58.599998,57.439999,58.029999,2482100
2015-07-16,60.240002,60.240002,60.400002,59.02,59.375,2910000
2015-07-17,62.994999,62.994999,63.0,61.544998,61.825001,2986000
2015-07-20,63.700001,63.700001,64.389999,62.869999,63.52,1997700
2015-07-21,63.525002,63.525002,64.055,63.02,63.799999,1821000
2015-07-22,61.439999,61.439999,62.325001,60.66,60.669998,2258100
2015-07-23,60.705002,60.705002,62.189999,60.25,61.619999,2016300
2015-07-24,58.98,58.98,61.794998,58.689999,61.654999,2218200
2015-07-27,57.465,57.465,58.695,57.099998,57.93,2513000
2015-07-28,58.98,58.98,59.305,56.865002,58.285,3241600
2015-07-29,59.639999,59.639999,60.014999,58.66,59.325001,2536200
2015-07-30,60.470001,60.470001,60.759998,58.150002,59.215,2855100
2015-07-31,60.285,60.285,61.125,59.869999,61.025002,2271600
2015-08-03,59.73,59.73,60.779999,58.5,60.32,3077800
2015-08-04,59.345001,59.345001,59.91,58.59,59.560001,2944800
2015-08-05,60.735001,60.735001,61.889999,60.134998,60.330002,2654400
2015-08-06,57.82,57.82,61.119999,56.985001,60.855,3652000
2015-08-07,57.59,57.59,57.985001,56.139999,57.375,3337000
2015-08-10,59.535,59.535,59.919998,58.674999,58.674999,2787600
2015-08-11,57.264999,57.264999,59.285,56.290001,58.575001,3600700
2015-08-12,57.77,57.77,58.185001,54.244999,56.110001,9347800
2015-08-13,57.509998,57.509998,58.825001,57.18,58.0,2930400
2015-08-14,57.82,57.82,58.049999,56.810001,57.125,3035900
2015-08-17,59.240002,59.240002,59.285,56.950001,57.375,2611600
2015-08-18,58.294998,58.294998,59.150002,58.110001,58.904999,2270800
2015-08-19,57.200001,57.200001,58.720001,56.18,57.75,4906600
2015-08-20,52.490002,52.490002,56.134998,52.404999,55.599998,6250400
2015-08-21,45.959999,45.959999,51.525002,45.959999,50.25,7922700
2015-08-24,40.514999,40.514999,45.740002,32.650002,37.525002,8181600
2015-08-25,39.98,39.98,45.564999,39.799999,44.75,6034700
2015-08-26,45.75,45.75,46.084999,40.834999,43.395,5937900
2015-08-27,49.325001,49.325001,49.424999,46.165001,47.900002,10124000
2015-08-28,49.285,49.285,49.799999,48.220001,48.540001,4460300
2015-08-31,47.455002,47.455002,49.275002,47.099998,48.474998,4292800
2015-09-01,43.150002,43.150002,46.064999,42.415001,43.889999,13077600
2015-09-02,46.66,46.66,46.66,43.845001,45.34,7511600
2015-09-03,45.889999,45.889999,48.139999,45.560001,47.23,4650500
2015-09-04,44.355,44.355,45.220001,43.544998,44.049999,5825900
2015-09-08,48.119999,48.119999,48.224998,46.314999,46.869999,4694800
2015-09-09,46.445,46.445,49.794998,46.060001,49.77,5803800
2015-09-10,47.93,47.93,48.865002,46.09,46.255001,10298400
2015-09-11,48.705002,48.705002,48.705002,46.875,47.290001,7905000
2015-09-14,48.27,48.27,49.264999,47.740002,49.25,3680500
2015-09-15,49.955002,49.955002,50.445,48.099998,48.630001,3168700
2015-09-16,50.790001,50.790001,50.974998,49.5,50.055,2925300
2015-09-17,50.93,50.93,53.174999,50.25,50.735001,5049200
2015-09-18,48.775002,48.775002,50.509998,48.485001,48.595001,5664400
2015-09-21,49.189999,49.189999,50.380001,47.875,49.52,4173200
2015-09-22,47.02,47.02,47.450001,45.639999,46.915001,5912400
2015-09-23,47.095001,47.095001,47.720001,46.349998,47.349998,4661700
2015-09-24,46.549999,46.549999,47.09,44.5,45.705002,6121600
2015-09-25,45.419998,45.419998,48.195,44.514999,48.130001,5913000
2015-09-28,41.505001,41.505001,44.869999,41.105,44.790001,7501200
2015-09-29,40.889999,40.889999,43.075001,39.959999,41.805,7619800
2015-09-30,43.595001,43.595001,43.799999,42.099998,42.59,6933900
2015-10-01,44.205002,44.205002,44.235001,42.139999,43.869999,9136000
2015-10-02,46.5,46.5,46.555,42.0,42.43,13225200
2015-10-05,48.619999,48.619999,48.919998,47.279999,47.584999,8673000
2015-10-06,47.924999,47.924999,48.689999,46.715,48.264999,9588400
2015-10-07,48.695,48.695,49.035,46.880001,48.779999,10546200
2015-10-08,49.290001,49.290001,49.549999,46.755001,48.174999,12161400
2015-10-09,49.889999,49.889999,50.25,48.965,49.355,7301000
2015-10-12,50.310001,50.310001,50.605,49.715,50.27,6355800
2015-10-13,49.325001,49.325001,50.985001,49.200001,49.450001,8873600
2015-10-14,49.115002,49.115002,50.084999,48.48,49.34,7638800
2015-10-15,51.514999,51.514999,51.525002,49.455002,49.645,8940400
2015-10-16,52.154999,52.154999,52.25,51.099998,51.855,5526800
2015-10-19,53.09,53.09,53.174999,51.625,51.915001,6817600
2015-10-20,52.209999,52.209999,53.125,51.709999,52.77,6052200
2015-10-21,51.369999,51.369999,53.18,51.220001,53.029999,7354000
2015-10-22,54.415001,54.415001,54.544998,52.215,52.654999,5411500
2015-10-23,58.939999,58.939999,59.654999,57.924999,58.805,4251200
2015-10-26,59.115002,59.115002,59.439999,58.200001,58.865002,2497700
2015-10-27,59.5,59.5,59.709999,58.584999,58.634998,2176300
2015-10-28,60.880001,60.880001,60.919998,58.294998,59.77,4353300
2015-10-29,60.654999,60.654999,60.950001,59.915001,60.09,2070000
2015-10-30,59.825001,59.825001,61.049999,59.82,60.735001,5003000
2015-11-02,61.865002,61.865002,62.064999,59.935001,60.27,4608400
2015-11-03,62.455002,62.455002,63.169998,61.200001,61.485001,2575500
2015-11-04,62.455002,62.455002,62.455002,62.455002,62.455002,0
2015-11-05,61.93,61.93,63.130001,61.029999,62.669998,5927200
2015-11-06,62.134998,62.134998,62.334999,60.445,61.669998,5677000
2015-11-09,60.134998,60.134998,61.665001,58.990002,61.415001,6304800
2015-11-10,59.709999,59.709999,59.834999,58.650002,59.174999,4113400
2015-11-11,59.445,59.445,61.025002,59.150002,60.165001,4201200
2015-11-12,57.720001,57.720001,59.575001,57.59,58.68,5747000
2015-11-13,54.325001,54.325001,57.165001,54.23,56.994999,8237400
2015-11-16,56.59,56.59,56.674999,53.764999,54.145,7731000
2015-11-17,56.785,56.785,57.98,56.325001,56.935001,9225600
2015-11-18,60.040001,60.040001,60.200001,57.275002,57.424999,8178200
2015-11-19,60.130001,60.130001,60.970001,59.82,60.139999,4331600
2015-11-20,61.325001,61.325001,61.5,60.82,60.970001,4249800
2015-11-23,60.830002,60.830002,62.099998,60.055,61.400002,4703200
2015-11-24,60.639999,60.639999,61.095001,58.715,59.650002,5520600
2015-11-25,60.775002,60.775002,61.16,60.450001,60.875,2332400
2015-11-27,60.994999,60.994999,61.439999,60.450001,61.209999,1133600
2015-11-30,60.610001,60.610001,61.615002,60.009998,61.605,3886400
2015-12-01,62.41,62.41,62.41,61.095001,61.290001,4876800
2015-12-02,61.275002,61.275002,63.369999,60.955002,62.529999,5087200
2015-12-03,58.150002,58.150002,62.035,57.080002,61.759998,9413000
2015-12-04,62.145,62.145,62.5,58.299999,58.645,7220400
2015-12-07,61.384998,61.384998,62.445,60.474998,62.330002,5768800
2015-12-08,61.389999,61.389999,61.955002,59.365002,59.439999,6775000
2015-12-09,58.529999,58.529999,61.560001,57.485001,60.52,12072200
2015-12-10,59.360001,59.360001,60.52,58.439999,58.955002,6773800
2015-12-11,55.290001,55.290001,57.764999,55.16,57.305,6143200
2015-12-14,56.529999,56.529999,56.580002,53.139999,55.529999,4823200
2015-12-15,57.490002,57.490002,58.994999,57.330002,57.98,7981600
2015-12-16,60.029999,60.029999,60.384998,56.950001,58.705002,8188000
2015-12-17,57.529999,57.529999,60.880001,57.455002,60.830002,7896400
2015-12-18,54.369999,54.369999,57.314999,54.25,56.91,4269900
2015-12-21,55.985001,55.985001,55.990002,54.494999,55.715,2667900
2015-12-22,57.044998,57.044998,57.294998,55.965,56.860001,2783700
2015-12-23,58.349998,58.349998,58.439999,57.625,57.939999,2289500
2015-12-24,58.23,58.23,58.77,58.200001,58.299999,1010800
2015-12-28,58.215,58.215,58.215,56.595001,57.82,2130900
2015-12-29,60.869999,60.869999,61.310001,59.105,59.224998,6054400
2015-12-30,59.314999,59.314999,60.834999,59.27,60.759998,1866500
2015-12-31,57.115002,57.115002,58.985001,57.049999,58.669998,3664700
2016-01-04,53.625,53.625,53.625,51.369999,53.310001,5538900
2016-01-05,53.145,53.145,54.465,52.419998,54.25,2756800
2016-01-06,51.720001,51.720001,52.525002,50.419998,50.490002,5078900
2016-01-07,46.799999,46.799999,50.25,46.73,48.349998,7090600
2016-01-08,45.695,45.695,48.685001,45.485001,47.814999,6912900
2016-01-11,46.095001,46.095001,47.014999,43.950001,46.645,6969800
2016-01-12,47.650002,47.650002,48.365002,45.700001,47.334999,13230000
2016-01-13,42.665001,42.665001,48.560001,42.5,48.224998,17225000
2016-01-14,45.424999,45.424999,46.575001,41.150002,43.205002,15142400
2016-01-15,41.25,41.25,42.650002,39.465,40.889999,11764900
2016-01-19,41.424999,41.424999,43.060001,40.005001,42.865002,5400600
2016-01-20,41.049999,41.049999,42.389999,36.77,39.48,11556200
2016-01-21,41.200001,41.200001,43.005001,39.93,41.564999,7044000
2016-01-22,44.75,44.75,44.82,43.255001,43.625,5976700
2016-01-25,42.735001,42.735001,45.044998,42.650002,44.349998,5772600
2016-01-26,43.955002,43.955002,44.474998,42.189999,43.299999,5007700
2016-01-27,40.685001,40.685001,43.705002,40.099998,43.154999,14929800
2016-01-28,42.290001,42.290001,42.700001,40.255001,42.595001,13148800
2016-01-29,45.044998,45.044998,45.044998,42.275002,42.384998,5369100
2016-02-01,45.299999,45.299999,45.869999,43.825001,44.310001,4755000
2016-02-02,42.424999,42.424999,44.764999,42.009998,44.764999,5351400
2016-02-03,41.825001,41.825001,43.235001,39.57,43.224998,9818800
2016-02-04,41.75,41.75,42.775002,40.325001,41.41,5900300
2016-02-05,37.455002,37.455002,41.389999,36.990002,41.349998,8953700
2016-02-08,35.744999,35.744999,36.189999,33.669998,35.36500200000001,10728400
2016-02-09,35.330002,35.330002,36.994999,34.110001000000004,34.27,9558100
2016-02-10,35.75,35.75,37.959999,35.695,36.625,15647000
2016-02-11,35.66500100000001,35.66500100000001,36.455002,34.09,34.400002,19878200
2016-02-12,37.185001,37.185001,37.34,35.810001,36.779999,6592300
2016-02-16,39.66,39.66,39.66,38.185001,38.91,6235700
2016-02-17,42.400002,42.400002,42.615002,40.299999,40.665001,7609000
2016-02-18,40.959999,40.959999,42.865002,40.825001,42.849998,5372900
2016-02-19,41.384998,41.384998,41.73,40.110001,40.494999,4977800
2016-02-22,43.34,43.34,43.485001,42.389999,42.509998,5172200
2016-02-23,41.18,41.18,42.945,41.139999,42.575001,5579700
2016-02-24,42.404999,42.404999,42.549999,39.02,39.785,7303300
2016-02-25,43.575001,43.575001,43.625,41.525002,42.685001,5387500
2016-02-26,43.474998,43.474998,44.674999,43.18,44.57,5178700
2016-02-29,42.325001,42.325001,44.345001,42.325001,43.375,4791000
2016-03-01,46.375,46.375,46.384998,43.139999,43.485001,6482000
2016-03-02,46.424999,46.424999,46.474998,45.355,46.200001,4041100
2016-03-03,46.165001,46.165001,46.345001,45.185001,46.305,4296800
2016-03-04,46.244999,46.244999,47.130001,45.314999,46.34,4955100
2016-03-07,45.384998,45.384998,46.334999,44.384998,45.525002,3940100
2016-03-08,44.185001,44.185001,45.625,44.009998,44.419998,4428400
2016-03-09,45.029999,45.029999,45.110001,44.0,44.779999,4340500
2016-03-10,44.860001,44.860001,46.43,43.134998,45.75,7141900
2016-03-11,47.185001,47.185001,47.235001,45.915001,46.310001,3534600
2016-03-14,47.459999,47.459999,47.810001,46.654999,46.709999,3274300
2016-03-15,47.43,47.43,47.560001,46.505001,46.98,4023300
2016-03-16,48.639999,48.639999,49.044998,47.009998,47.009998,3676200
2016-03-17,48.5,48.5,48.935001,47.705002,48.27,2656400
2016-03-18,48.779999,48.779999,49.189999,48.055,48.900002,3073700
2016-03-21,49.360001,49.360001,49.525002,48.474998,48.57,2833500
2016-03-22,49.799999,49.799999,50.174999,48.514999,48.560001,2650300
2016-03-23,48.615002,48.615002,49.645,48.275002,49.535,3217800
2016-03-24,48.599998,48.599998,48.689999,47.650002,47.825001,2646300
2016-03-28,48.424999,48.424999,49.099998,48.189999,49.09,2695500
2016-03-29,50.740002,50.740002,50.849998,47.924999,48.16,3729800
2016-03-30,51.5,51.5,52.455002,51.169998,51.665001,4372600
2016-03-31,51.200001,51.200001,51.959999,51.035,51.384998,2469200
2016-04-01,52.904999,52.904999,52.965,50.134998,50.419998,3396300
2016-04-04,52.25,52.25,53.0,51.935001,52.825001,2846500
2016-04-05,50.845001,50.845001,51.66,50.580002,51.055,3059200
2016-04-06,53.279999,53.279999,53.32,50.950001,51.0,3782600
2016-04-07,50.98,50.98,52.634998,50.314999,52.375,5254700
2016-04-08,50.860001,50.860001,52.264999,50.330002,51.904999,3463400
2016-04-11,50.314999,50.314999,52.275002,50.275002,51.52,2855400
2016-04-12,51.490002,51.490002,51.84,49.470001,50.41,3795800
2016-04-13,53.5,53.5,53.755001,52.535,52.744999,3378800
2016-04-14,53.535,53.535,54.125,53.115002,53.514999,2314600
2016-04-15,53.125,53.125,53.740002,52.720001,53.360001,1731100
2016-04-18,53.91,53.91,54.02,52.580002,52.685001,2097900
2016-04-19,52.98,52.98,54.5,52.125,54.450001,3303800
2016-04-20,53.110001,53.110001,53.825001,52.419998,52.91,2245200
2016-04-21,53.125,53.125,53.68,52.404999,53.080002,2780700
2016-04-22,50.720001,50.720001,51.775002,49.490002,51.084999,4194200
2016-04-25,50.68,50.68,50.709999,49.965,50.165001,2019800
2016-04-26,49.985001,49.985001,51.285,49.509998,50.974998,2277400
2016-04-27,48.785,48.785,49.095001,47.529999,48.470001,3812600
2016-04-28,47.055,47.055,49.785,46.720001,48.945,3349400
2016-04-29,46.305,46.305,47.279999,45.150002,46.895,3984600
2016-05-02,47.529999,47.529999,47.744999,46.025002,46.595001,2458700
2016-05-03,46.264999,46.264999,47.16,45.84,46.535,3040900
2016-05-04,45.349998,45.349998,45.884998,44.990002,45.415001,3205100
2016-05-05,45.325001,45.325001,46.119999,45.005001,45.779999,2999500
2016-05-06,45.98,45.98,46.02,44.474998,44.599998,3267700
2016-05-09,46.384998,46.384998,47.014999,45.959999,46.025002,2469600
2016-05-10,48.330002,48.330002,48.360001,46.639999,46.880001,2407200
2016-05-11,47.009998,47.009998,48.52,46.939999,48.095001,5294400
2016-05-12,46.349998,46.349998,47.465,45.380001,47.380001,7697600
2016-05-13,45.790001,45.790001,47.080002,45.575001,46.32,3249300
2016-05-16,47.555,47.555,48.060001,45.924999,45.974998,2443600
2016-05-17,45.73,45.73,47.834999,45.395,47.5,3900600
2016-05-18,46.25,46.25,46.994999,45.16,45.474998,4957700
2016-05-19,45.52,45.52,46.07,44.525002,45.685001,5293700
2016-05-20,47.040001,47.040001,47.580002,45.994999,46.075001,2611500
2016-05-23,46.810001,46.810001,47.689999,46.715,47.16,1796300
2016-05-24,49.674999,49.674999,49.825001,47.580002,47.615002,3125100
2016-05-25,50.744999,50.744999,51.174999,49.965,50.244999,2934300
2016-05-26,51.169998,51.169998,51.355,50.509998,50.915001,1971500
2016-05-27,51.939999,51.939999,51.98,51.25,51.255001,2232100
2016-05-31,52.25,52.25,52.494999,51.474998,52.224998,2353100
2016-06-01,52.27,52.27,52.605,51.634998,51.775002,2094500
2016-06-02,52.564999,52.564999,52.595001,51.099998,51.915001,2177300
2016-06-03,51.845001,51.845001,52.360001,50.830002,52.264999,3240200
2016-06-06,52.400002,52.400002,52.814999,51.860001,52.080002,1791600
2016-06-07,52.029999,52.029999,52.650002,51.93,52.57,1606400
2016-06-08,52.259998,52.259998,52.59,51.700001,52.314999,1713800
2016-06-09,52.029999,52.029999,52.185001,51.334999,51.634998,2077700
2016-06-10,50.279999,50.279999,50.889999,49.715,50.630001,3370000
2016-06-13,48.990002,48.990002,50.224998,48.799999,49.435001,2480200
2016-06-14,49.014999,49.014999,49.494999,47.900002,48.59,2952700
2016-06-15,48.575001,48.575001,49.494999,48.305,49.334999,2216200
2016-06-16,48.924999,48.924999,49.115002,46.889999,47.860001,3424200
2016-06-17,47.25,47.25,48.724998,46.924999,48.724998,3479600
2016-06-20,48.099998,48.099998,49.564999,48.029999,48.945,2900900
2016-06-21,48.580002,48.580002,48.884998,48.055,48.395,1800300
2016-06-22,48.264999,48.264999,49.525002,48.125,48.720001,2152000
2016-06-23,50.299999,50.299999,50.32,48.775002,49.384998,2678300
2016-06-24,44.139999,44.139999,47.174999,43.799999,45.0,6781300
2016-06-27,41.57,41.57,43.195,40.900002,43.134998,4915900
2016-06-28,44.174999,44.174999,44.235001,42.794998,42.834999,8311200
2016-06-29,46.470001,46.470001,46.794998,45.169998,45.255001,4343000
2016-06-30,48.16,48.16,48.215,46.299999,46.75,3454400
2016-07-01,48.82,48.82,49.404999,48.02,48.075001,2738000
2016-07-05,47.955002,47.955002,48.279999,47.18,48.189999,2727900
2016-07-06,49.084999,49.084999,49.189999,46.834999,47.299999,3614100
2016-07-07,49.549999,49.549999,49.900002,48.875,49.305,2619000
2016-07-08,51.84,51.84,51.959999,50.150002,50.285,3125900
2016-07-11,52.724998,52.724998,53.330002,52.380001,52.43,2971800
2016-07-12,53.555,53.555,53.98,53.345001,53.705002,2412300
2016-07-13,53.18,53.18,54.02,53.145,53.990002,2633600
2016-07-14,54.259998,54.259998,54.549999,53.855,54.235001,2289700
2016-07-15,53.955002,53.955002,54.705002,53.625,54.610001,1779500
2016-07-18,55.029999,55.029999,55.34,54.055,54.099998,1747100
2016-07-19,54.459999,54.459999,54.959999,54.169998,54.5,1638900
2016-07-20,56.325001,56.325001,56.66,55.134998,55.294998,1890100
2016-07-21,55.990002,55.990002,56.790001,55.509998,56.494999,2350100
2016-07-22,56.639999,56.639999,56.849998,55.57,56.119999,1808400
2016-07-25,56.689999,56.689999,56.695,56.099998,56.514999,1588400
2016-07-26,56.880001,56.880001,57.48,56.0,56.634998,2840700
2016-07-27,57.990002,57.990002,58.485001,57.305,58.275002,2700900
2016-07-28,58.619999,58.619999,58.84,57.759998,58.310001,1815000
2016-07-29,59.005001,59.005001,59.490002,58.470001,59.040001,2138200
2016-08-01,59.93,59.93,60.384998,58.93,59.150002,2194100
2016-08-02,58.580002,58.580002,59.845001,57.435001,59.674999,3356400
2016-08-03,59.134998,59.134998,59.165001,58.334999,58.450001,1777800
2016-08-04,59.665001,59.665001,59.834999,58.685001,59.119999,1743300
2016-08-05,61.389999,61.389999,61.775002,60.375,60.630001,2572500
2016-08-08,61.195,61.195,61.529999,60.584999,61.494999,1581300
2016-08-09,61.599998,61.599998,62.165001000000004,61.200001,61.299999,1662900
2016-08-10,61.125,61.125,61.740002000000004,60.625,61.645,1827500
2016-08-11,61.915001000000004,61.915001000000004,62.299999,61.365002000000004,61.700001,1427900
2016-08-12,62.029999,62.029999,62.029999,61.369999,61.549999,1422400
2016-08-15,62.810001,62.810001,63.224998,62.189999,62.25,1192800
2016-08-16,61.82,61.82,62.5,61.735001000000004,62.445,1304100
2016-08-17,62.110001000000004,62.110001000000004,62.154999,60.790001000000004,61.82,1871600
2016-08-18,62.169998,62.169998,62.41,61.599998,61.915001000000004,1182400
2016-08-19,62.084998999999996,62.084998999999996,62.485001000000004,61.310001,61.830002,1533700
2016-08-22,62.145,62.145,62.544998,61.470001,61.790001000000004,1525900
2016-08-23,62.514998999999996,62.514998999999996,63.259997999999996,62.470001,62.900002,1305300
2016-08-24,61.310001,61.310001,62.695,60.724998,62.424999,1483300
2016-08-25,61.02,61.02,61.580002,60.615002000000004,60.825001,1217600
2016-08-26,61.314999,61.314999,62.48,60.200001,61.099998,2235700
2016-08-29,61.485001000000004,61.485001000000004,62.035,61.314999,61.349998,1035500
2016-08-30,60.93,60.93,61.775002,60.310001,61.259997999999996,1369800
2016-08-31,60.77,60.77,60.939999,59.974998,60.665001000000004,1492000
2016-09-01,61.040001000000004,61.040001000000004,61.41,59.91,60.810001,1790700
2016-09-02,61.755001,61.755001,62.494999,61.105,62.125,1890400
2016-09-06,62.900002,62.900002,62.950001,61.700001,62.125,1374700
2016-09-07,63.014998999999996,63.014998999999996,63.369999,62.345001,63.095001,1209900
2016-09-08,61.935001,61.935001,62.535,61.455002,62.5,1436900
2016-09-09,57.240002000000004,57.240002000000004,60.799999,57.240002000000004,60.424999,3352400
2016-09-12,60.174999,60.174999,60.57,56.275002,56.380001,2721900
2016-09-13,58.755001,58.755001,59.939999,57.845001,59.369999,2610600
2016-09-14,59.509997999999996,59.509997999999996,60.5,58.845001,58.904999,2323500
2016-09-15,62.27,62.27,62.564999,59.549999,59.599998,2747100
2016-09-16,62.200001,62.200001,62.41,61.299999,62.115002000000004,1698400
2016-09-19,61.384997999999996,61.384997999999996,63.264998999999996,61.055,62.674999,1896600
2016-09-20,61.724998,61.724998,62.5,61.439999,62.0,1578800
2016-09-21,63.52,63.52,63.805,61.445,62.5,2887500
2016-09-22,65.004997,65.004997,65.279999,64.480003,64.709999,1627100
2016-09-23,63.834998999999996,63.834998999999996,64.834999,63.540001000000004,64.800003,1522200
2016-09-26,62.25,62.25,62.959998999999996,61.939999,62.735001000000004,1705900
2016-09-27,64.014999,64.014999,64.129997,61.939999,62.18,1727100
2016-09-28,64.364998,64.364998,64.480003,63.389998999999996,64.245003,1577000
2016-09-29,63.0,63.0,64.404999,62.154999,64.089996,2392300
2016-09-30,64.29499799999999,64.29499799999999,64.934998,63.264998999999996,63.580002,1666400
2016-10-03,64.150002,64.150002,64.339996,63.325001,64.074997,1703300
2016-10-04,63.785,63.785,65.074997,63.084998999999996,64.605003,2337600
2016-10-05,64.449997,64.449997,65.074997,64.275002,64.364998,1434500
2016-10-06,64.349998,64.349998,64.764999,63.435001,64.209999,1552700
2016-10-07,63.93,63.93,64.79499799999999,63.009997999999996,64.555,1886700
2016-10-10,65.074997,65.074997,65.584999,64.839996,64.875,1240800
2016-10-11,62.384997999999996,62.384997999999996,65.019997,61.525002,64.940002,2700900
2016-10-12,62.255001,62.255001,62.834998999999996,61.619999,62.450001,1709500
2016-10-13,61.525002,61.525002,62.029999,59.834998999999996,60.955002,2175600
2016-10-14,61.665001000000004,61.665001000000004,63.16,61.610001000000004,62.355,1704400
2016-10-17,61.240002000000004,61.240002000000004,61.970001,60.994999,61.650002,1163800
2016-10-18,62.810001,62.810001,63.715,62.75,63.375,1596500
2016-10-19,62.834998999999996,62.834998999999996,63.084998999999996,62.494999,62.695,980300
2016-10-20,62.57,62.57,63.009997999999996,61.509997999999996,62.544998,1457300
2016-10-21,63.25,63.25,63.395,62.115002000000004,62.705002,1221500
2016-10-24,65.555,65.555,65.684998,64.480003,64.529999,1430200
2016-10-25,64.900002,64.900002,65.709999,64.644997,65.614998,1244000
2016-10-26,63.654999,63.654999,64.68,63.049999,63.650002,1985600
2016-10-27,62.764998999999996,62.764998999999996,64.589996,62.48,64.434998,2146700
2016-10-28,61.68,61.68,63.169998,61.0,62.169998,2978300
2016-10-31,61.330002,61.330002,62.279999,61.299999,62.279999,1185500
2016-11-01,60.07,60.07,61.724998,58.41,61.724998,2123400
2016-11-02,58.505001,58.505001,60.275002,58.105,59.869999,1703400
2016-11-03,56.82,56.82,58.814999,56.605,58.264998999999996,1812800
2016-11-04,56.174999,56.174999,57.535,55.889998999999996,56.294998,1769200
2016-11-07,60.200001,60.200001,60.389998999999996,58.665001000000004,58.895,2103400
2016-11-08,61.380001,61.380001,62.189999,59.599998,60.0,2229700
2016-11-09,62.240002000000004,62.240002000000004,62.514998999999996,59.035,59.205002,3818600
2016-11-10,59.279999,59.279999,63.349998,56.735001000000004,62.994999,5166000
2016-11-11,59.23,59.23,59.66,57.799999,58.365002000000004,2365900
2016-11-14,57.23,57.23,59.470001,56.580002,59.34,3671500
2016-11-15,59.880001,59.880001,60.424999,58.514998999999996,58.68,2199400
2016-11-16,60.855,60.855,61.044998,58.974998,58.974998,1793500
2016-11-17,62.264998999999996,62.264998999999996,62.264998999999996,60.435001,60.814999,1573700
2016-11-18,61.564999,61.564999,62.785,61.375,62.380001,1313700
2016-11-21,63.415001000000004,63.415001000000004,63.610001000000004,61.93,61.955002,1742200
2016-11-22,63.985001000000004,63.985001000000004,64.5,63.540001000000004,64.184998,1597500
2016-11-23,63.215,63.215,63.584998999999996,62.400002,63.369999,1535400
2016-11-25,63.825001,63.825001,63.919998,63.255001,63.514998999999996,797500
2016-11-28,63.470001,63.470001,64.300003,63.209998999999996,63.535,1488900
2016-11-29,64.08000200000001,64.08000200000001,64.959999,63.060001,63.525002,1553800
2016-11-30,62.005001,62.005001,64.364998,61.665001000000004,64.209999,3152000
2016-12-01,58.599998,58.599998,61.695,58.235001000000004,61.689999,3883000
2016-12-02,58.834998999999996,58.834998999999996,59.580002,58.134997999999996,58.654999,2145500
2016-12-05,60.195,60.195,60.939999,58.959998999999996,59.785,1873800
2016-12-06,60.630001,60.630001,60.974998,59.919998,60.66,1442800
2016-12-07,62.880001,62.880001,63.18,59.75,60.275002,3101400
2016-12-08,63.264998999999996,63.264998999999996,63.775002,62.674999,63.040001000000004,2354500
2016-12-09,64.745003,64.745003,64.855003,63.98,63.98,2139000
2016-12-12,63.845001,63.845001,64.269997,63.110001000000004,63.860001000000004,1982300
2016-12-13,66.339996,66.339996,67.364998,64.449997,64.540001,3524900
2016-12-14,65.855003,65.855003,67.190002,65.290001,66.470001,2966200
2016-12-15,66.254997,66.254997,67.349998,65.68,66.035004,2217200
2016-12-16,65.449997,65.449997,66.995003,65.084999,66.565002,1786000
2016-12-19,66.25,66.25,67.449997,65.43,65.724998,1741100
2016-12-20,67.050003,67.050003,67.375,66.650002,66.769997,1308000
2016-12-21,66.815002,66.815002,67.209999,66.394997,67.074997,1006000
2016-12-22,66.235001,66.235001,66.934998,65.519997,66.845001,1365000
2016-12-23,66.440002,66.440002,66.470001,65.75,65.964996,668600
2016-12-27,67.410004,67.410004,68.565002,66.730003,66.800003,1575900
2016-12-28,65.849998,65.849998,68.035004,65.70500200000001,67.82,1902900
2016-12-29,65.529999,65.529999,66.230003,64.940002,65.815002,1779800
2016-12-30,63.615002000000004,63.615002000000004,65.945,63.0,65.904999,2195500
2017-01-03,65.154999,65.154999,65.945,64.184998,64.805,2034300
2017-01-04,66.264999,66.264999,66.629997,65.370003,65.45500200000001,1385700
2017-01-05,67.440002,67.440002,67.525002,66.150002,66.209999,1278600
2017-01-06,69.150002,69.150002,69.68,67.050003,67.565002,1995800
2017-01-09,69.849998,69.849998,70.199997,69.18,69.32,1370100
2017-01-10,70.25,70.25,70.910004,69.45500200000001,69.82,1382000
2017-01-11,70.790001,70.790001,70.839996,69.269997,70.300003,1960500
2017-01-12,70.43,70.43,70.639999,68.529999,70.089996,3354900
2017-01-13,71.239998,71.239998,71.58000200000001,70.639999,70.660004,2442200
2017-01-17,70.57,70.57,71.0,69.959999,70.599998,2304200
2017-01-18,71.050003,71.050003,71.190002,70.33000200000001,70.900002,2055400
2017-01-19,70.860001,70.860001,72.040001,70.459999,71.25,2488800
2017-01-20,71.32,71.32,72.349998,70.800003,71.800003,2368600
2017-01-23,71.480003,71.480003,71.800003,70.16999799999999,71.099998,2302100
2017-01-24,72.970001,72.970001,73.279999,71.57,71.870003,2153800
2017-01-25,75.099998,75.099998,75.209999,74.129997,74.290001,2339500
2017-01-26,75.410004,75.410004,75.860001,75.010002,75.440002,2119000
2017-01-27,75.769997,75.769997,76.019997,75.08000200000001,75.800003,1385400
2017-01-30,74.050003,74.050003,75.010002,72.779999,74.970001,3126800
2017-01-31,73.639999,73.639999,73.639999,72.290001,73.290001,2484000
2017-02-01,75.040001,75.040001,75.519997,74.08000200000001,75.08000200000001,3021300
2017-02-02,74.849998,74.849998,75.550003,74.040001,74.660004,2412300
2017-02-03,75.5,75.5,75.75,74.91999799999999,75.150002,2008000
2017-02-06,75.779999,75.779999,75.82,74.93,75.129997,1737800
2017-02-07,76.559998,76.559998,77.089996,76.059998,76.18,1943100
2017-02-08,76.989998,76.989998,77.290001,75.870003,76.290001,1540300
2017-02-09,77.790001,77.790001,78.33000200000001,77.08000200000001,77.199997,2146900
2017-02-10,78.559998,78.559998,78.900002,77.93,78.33000200000001,1994700
2017-02-13,79.940002,79.940002,80.230003,79.18,79.300003,1791200
2017-02-14,80.690002,80.690002,80.720001,79.239998,79.989998,2603400
2017-02-15,82.08000200000001,82.08000200000001,82.239998,80.400002,80.589996,3065200
2017-02-16,82.010002,82.010002,82.769997,81.41999799999999,82.279999,2664600
2017-02-17,83.040001,83.040001,83.099998,81.620003,81.66999799999999,2150300
2017-02-21,84.360001,84.360001,84.480003,83.43,83.620003,2780400
2017-02-22,84.370003,84.370003,84.58000200000001,83.660004,84.099998,1794000
2017-02-23,83.459999,83.459999,84.75,82.41999799999999,84.739998,2611500
2017-02-24,83.910004,83.910004,83.910004,82.199997,82.260002,2113800
2017-02-27,84.160004,84.160004,84.209999,83.010002,83.470001,2184900
2017-02-28,83.5,83.5,84.25,82.739998,84.16999799999999,1746000
2017-03-01,86.199997,86.199997,86.599998,84.559998,84.959999,2635600
2017-03-02,84.839996,84.839996,86.160004,84.559998,86.160004,1788300
2017-03-03,85.279999,85.279999,85.400002,83.989998,84.639999,1443600
2017-03-06,84.690002,84.690002,85.160004,83.709999,84.360001,1615600
2017-03-07,84.269997,84.269997,85.400002,83.870003,84.150002,1476200
2017-03-08,84.699997,84.699997,85.519997,84.190002,84.480003,1610500
2017-03-09,84.959999,84.959999,85.269997,83.57,84.68,1840500
2017-03-10,85.889999,85.889999,86.360001,84.910004,86.050003,2144000
2017-03-13,86.389999,86.389999,86.470001,85.730003,85.809998,1411800
2017-03-14,85.75,85.75,85.93,84.720001,85.800003,2209200
2017-03-15,87.25,87.25,87.91999799999999,85.449997,86.339996,2658900
2017-03-16,87.199997,87.199997,87.849998,86.57,87.849998,1619800
2017-03-17,86.989998,86.989998,87.75,86.940002,87.400002,1471700
2017-03-20,87.25,87.25,87.870003,86.599998,86.989998,1529000
2017-03-21,83.360001,83.360001,88.5,83.160004,88.220001,3898700
2017-03-22,85.0,85.0,85.230003,83.019997,83.410004,2973900
2017-03-23,84.32,84.32,85.360001,83.91999799999999,84.690002,2461000
2017-03-24,84.779999,84.779999,86.110001,83.879997,85.120003,2153600
2017-03-27,85.230003,85.230003,85.66999799999999,82.43,83.050003,3135800
2017-03-28,86.83000200000001,86.83000200000001,87.57,84.690002,85.220001,3500000
2017-03-29,87.980003,87.980003,88.099998,86.709999,86.910004,2007100
2017-03-30,88.41999799999999,88.41999799999999,88.709999,87.660004,87.949997,2205300
2017-03-31,88.209999,88.209999,88.91999799999999,87.739998,88.029999,2256100
2017-04-03,88.019997,88.019997,89.08000200000001,86.620003,88.470001,2688400
2017-04-04,88.41999799999999,88.41999799999999,88.489998,87.190002,87.25,1351000
2017-04-05,87.410004,87.410004,90.379997,86.889999,88.849998,3056700
2017-04-06,87.480003,87.480003,88.209999,86.849998,87.709999,2568800
2017-04-07,87.379997,87.379997,88.16999799999999,86.43,87.41999799999999,1732300
2017-04-10,87.480003,87.480003,88.529999,86.730003,87.68,2015700
2017-04-11,86.379997,86.379997,87.58000200000001,84.43,87.139999,3556100
2017-04-12,85.239998,85.239998,86.459999,84.980003,86.279999,2837300
2017-04-13,84.230003,84.230003,86.370003,84.18,84.900002,2557100
2017-04-17,86.230003,86.230003,86.339996,84.839996,84.940002,1513900
2017-04-18,85.980003,85.980003,86.68,85.269997,85.43,2114800
2017-04-19,86.279999,86.279999,87.82,85.91999799999999,86.970001,2398700
2017-04-20,88.370003,88.370003,89.0,86.93,87.33000200000001,3437200
2017-04-21,88.33000200000001,88.33000200000001,88.769997,87.720001,88.660004,2251100
2017-04-24,91.540001,91.540001,91.800003,90.860001,91.25,2503000
2017-04-25,93.57,93.57,94.029999,92.239998,92.449997,2671400
2017-04-26,93.160004,93.160004,94.33000200000001,92.959999,93.660004,3652500
2017-04-27,94.790001,94.790001,94.800003,93.629997,93.860001,2403200
2017-04-28,95.33000200000001,95.33000200000001,96.050003,94.849998,95.940002,2836500
2017-05-01,97.730003,97.730003,98.220001,96.089996,96.209999,2693100
2017-05-02,98.309998,98.309998,98.449997,97.459999,98.209999,2517200
2017-05-03,97.339996,97.339996,97.720001,96.550003,97.709999,3066100
2017-05-04,97.440002,97.440002,97.839996,96.440002,97.389999,3025300
2017-05-05,98.5,98.5,98.5,97.089996,98.139999,2271100
2017-05-08,99.089996,99.089996,99.129997,98.050003,98.650002,2552800
2017-05-09,100.18,100.18,100.83000200000001,99.339996,99.559998,3154900
2017-05-10,100.339996,100.339996,100.43,99.279999,100.290001,2341400
2017-05-11,100.099998,100.099998,100.150002,98.129997,99.529999,2601400
2017-05-12,100.75,100.75,100.809998,99.970001,100.230003,2439100
2017-05-15,101.690002,101.690002,101.860001,100.589996,100.849998,2889200
2017-05-16,102.970001,102.970001,102.980003,101.589996,102.410004,3211100
2017-05-17,95.18,95.18,101.08000200000001,95.050003,100.550003,5843200
2017-05-18,97.589996,97.589996,98.529999,94.629997,95.040001,5016000
2017-05-19,98.769997,98.769997,100.040001,98.459999,98.540001,3035200
2017-05-22,101.33000200000001,101.33000200000001,101.449997,99.349998,99.459999,2723100
2017-05-23,101.58000200000001,101.58000200000001,102.199997,100.82,102.160004,2869100
2017-05-24,102.980003,102.980003,103.099998,101.629997,102.43,2705900
2017-05-25,105.690002,105.690002,106.360001,103.459999,104.110001,3646000
2017-05-26,106.139999,106.139999,106.25,105.209999,105.610001,2285700
2017-05-30,106.360001,106.360001,106.75,105.769997,105.879997,2299700
2017-05-31,106.230003,106.230003,107.559998,104.610001,107.33000200000001,4037600
2017-06-01,107.5,107.5,107.589996,105.550003,106.860001,3087200
2017-06-02,111.16999799999999,111.16999799999999,111.25,108.089996,108.559998,3468500
2017-06-05,111.08000200000001,111.08000200000001,111.660004,110.610001,111.08000200000001,2144900
2017-06-06,109.82,109.82,111.760002,109.260002,110.68,3238900
2017-06-07,111.019997,111.019997,111.300003,109.160004,110.599998,3392100
2017-06-08,111.32,111.32,111.879997,109.57,111.709999,3802600
2017-06-09,103.269997,103.269997,112.129997,98.660004,111.720001,9714100
2017-06-12,101.400002,101.400002,101.860001,97.43,100.400002,6935400
2017-06-13,103.769997,103.769997,104.18,101.440002,102.980003,5270500
2017-06-14,102.379997,102.379997,104.989998,99.93,104.989998,5792200
2017-06-15,101.0,101.0,101.339996,97.379997,99.25,5881600
2017-06-16,99.790001,99.790001,100.870003,98.57,100.800003,3910700
2017-06-19,104.620003,104.620003,104.959999,102.110001,102.57,4622700
2017-06-20,102.25,102.25,104.739998,102.110001,104.370003,3580800
2017-06-21,105.220001,105.220001,105.32,102.66999799999999,102.879997,3482900
2017-06-22,105.099998,105.099998,106.260002,104.300003,105.690002,2851900
2017-06-23,106.279999,106.279999,106.699997,103.879997,104.730003,2866100
2017-06-26,104.870003,104.870003,108.66999799999999,104.129997,108.029999,4403400
2017-06-27,99.099998,99.099998,103.989998,99.099998,103.650002,6003700
2017-06-28,103.260002,103.260002,103.58000200000001,98.440002,100.139999,5035900
2017-06-29,98.0,98.0,102.059998,95.0,101.989998,9648500
2017-06-30,97.660004,97.660004,99.610001,97.089996,98.849998,4109000
2017-07-03,95.0,95.0,99.709999,94.760002,99.400002,3403500
2017-07-05,97.709999,97.709999,98.489998,94.849998,95.730003,4751400
2017-07-06,95.129997,95.129997,96.690002,94.029999,95.449997,4430200
2017-07-07,97.980003,97.980003,98.900002,96.0,96.07,3734300
2017-07-10,100.029999,100.029999,100.75,97.559998,98.349998,3838100
2017-07-11,100.849998,100.849998,101.230003,98.470001,99.589996,4523800
2017-07-12,104.440002,104.440002,104.760002,102.82,103.379997,4387800
2017-07-13,105.129997,105.129997,105.870003,104.209999,104.849998,3811500
2017-07-14,107.599998,107.599998,107.980003,105.529999,106.370003,3526500
2017-07-17,107.660004,107.660004,108.879997,107.129997,107.949997,4194300
2017-07-18,109.800003,109.800003,109.910004,106.5,107.440002,3507600
2017-07-19,111.809998,111.809998,112.25,110.66999799999999,110.75,4343100
2017-07-20,112.230003,112.230003,112.860001,110.690002,112.629997,4519200
2017-07-21,112.059998,112.059998,112.07,110.33000200000001,110.839996,3621500
2017-07-24,113.519997,113.519997,113.809998,111.610001,112.029999,3697200
2017-07-25,112.760002,112.760002,113.510002,111.790001,112.470001,3924200
2017-07-26,113.769997,113.769997,113.980003,113.0,113.480003,2525300
2017-07-27,111.739998,111.739998,116.349998,107.660004,116.059998,7873200
2017-07-28,111.379997,111.379997,111.889999,109.07,109.769997,2917600
2017-07-31,109.93,109.93,112.720001,109.190002,112.290001,3696500
2017-08-01,110.650002,110.650002,111.120003,109.650002,111.029999,2548200
2017-08-02,111.459999,111.459999,112.849998,108.440002,112.739998,4598600
2017-08-03,110.300003,110.300003,111.91999799999999,109.610001,111.879997,3026700
2017-08-04,110.730003,110.730003,111.57,109.459999,110.949997,2978700
2017-08-07,112.690002,112.690002,112.870003,110.900002,111.379997,2284900
2017-08-08,112.269997,112.269997,115.0,111.309998,112.190002,4328600
2017-08-09,111.83000200000001,111.83000200000001,111.970001,108.739998,109.519997,4128400
2017-08-10,104.57,104.57,110.150002,104.309998,109.949997,6807600
2017-08-11,106.959999,106.959999,107.66999799999999,104.339996,105.08000200000001,4386300
2017-08-14,111.120003,111.120003,111.599998,109.41999799999999,109.449997,3946100
2017-08-15,111.32,111.32,111.970001,110.410004,111.739998,3012400
2017-08-16,111.900002,111.900002,113.449997,110.790001,112.099998,4127200
2017-08-17,105.019997,105.019997,111.08000200000001,105.0,110.540001,6607600
2017-08-18,104.650002,104.650002,106.910004,103.5,105.18,5410500
2017-08-21,104.459999,104.459999,105.440002,102.400002,104.83000200000001,3603400
2017-08-22,109.110001,109.110001,109.43,105.949997,106.0,3927700
2017-08-23,107.889999,107.889999,108.639999,107.18,107.32,3503200
2017-08-24,106.989998,106.989998,109.099998,105.099998,108.68,4049200
2017-08-25,106.269997,106.269997,108.989998,105.870003,108.08000200000001,3859200
2017-08-28,107.199997,107.199997,107.980003,106.209999,107.199997,2760100
2017-08-29,108.519997,108.519997,109.0,104.160004,104.410004,3546800
2017-08-30,112.279999,112.279999,112.800003,108.519997,108.709999,4427000
2017-08-31,115.470001,115.470001,115.879997,113.010002,113.190002,4424000
2017-09-01,115.389999,115.389999,116.790001,114.5,116.349998,2958400
2017-09-05,112.300003,112.300003,115.08000200000001,109.66999799999999,114.290001,5384800
2017-09-06,113.269997,113.269997,114.029999,110.849998,113.209999,3564900
2017-09-07,113.970001,113.970001,114.900002,112.800003,113.93,3082100
2017-09-08,111.160004,111.160004,113.739998,110.75,113.540001,3443600
2017-09-11,114.699997,114.699997,115.43,113.629997,113.66999799999999,3553300
2017-09-12,115.66999799999999,115.66999799999999,116.16999799999999,114.07,115.800003,3059100
2017-09-13,116.150002,116.150002,116.18,114.540001,115.0,2150200
2017-09-14,114.190002,114.190002,115.809998,113.900002,114.870003,3065700
2017-09-15,115.110001,115.110001,116.510002,113.480003,114.07,3302700
2017-09-18,114.83000200000001,114.83000200000001,116.720001,113.75,115.610001,3812900
2017-09-19,115.32,115.32,115.860001,114.190002,115.370003,2372600
2017-09-20,114.360001,114.360001,115.599998,111.660004,115.260002,4471100
2017-09-21,112.160004,112.160004,114.059998,111.0,114.019997,3537100
2017-09-22,111.879997,111.879997,112.33000200000001,110.760002,111.050003,2590300
2017-09-25,108.370003,108.370003,110.68,106.650002,110.510002,5646700
2017-09-26,109.110001,109.110001,110.540001,107.970001,109.940002,3962100
2017-09-27,112.07,112.07,113.260002,110.0,110.849998,4639500
2017-09-28,111.879997,111.879997,112.199997,110.440002,111.260002,2689000
2017-09-29,114.25,114.25,114.489998,111.660004,112.559998,3677000
2017-10-02,114.57,114.57,115.970001,113.040001,114.839996,3841900
2017-10-03,115.290001,115.290001,115.68,114.25,115.0,2614100
2017-10-04,115.589996,115.589996,116.309998,114.309998,114.620003,3756400
2017-10-05,118.91999799999999,118.91999799999999,119.110001,116.449997,116.940002,3928800
2017-10-06,119.349998,119.349998,119.400002,117.75,117.800003,3581700
2017-10-09,119.050003,119.050003,120.260002,118.57,119.900002,2868800
2017-10-10,119.300003,119.300003,120.57,117.709999,120.18,2989900
2017-10-11,120.339996,120.339996,120.400002,118.650002,119.150002,2491200
2017-10-12,119.690002,119.690002,121.08000200000001,119.260002,119.83000200000001,2757500
2017-10-13,121.029999,121.029999,121.440002,120.650002,121.07,2036400
2017-10-16,122.279999,122.279999,122.339996,121.129997,121.940002,2378300
2017-10-17,122.709999,122.709999,122.75,121.559998,122.129997,2507900
2017-10-18,122.239998,122.239998,123.07,121.730003,123.050003,2412500
2017-10-19,120.889999,120.889999,120.900002,118.32,120.139999,3361700
2017-10-20,121.769997,121.769997,122.629997,121.410004,122.339996,2773100
2017-10-23,119.5,119.5,122.57,118.93,122.540001,2560700
2017-10-24,120.110001,120.110001,120.769997,118.709999,120.07,2453000
2017-10-25,118.650002,118.650002,120.480003,115.970001,119.300003,3716300
2017-10-26,117.550003,117.550003,119.269997,117.379997,118.480003,3032000
2017-10-27,127.68,127.68,128.389999,122.83000200000001,123.139999,6159100
2017-10-30,128.58999599999999,128.58999599999999,130.080002,127.08000200000001,127.360001,4023200
2017-10-31,129.949997,129.949997,130.550003,128.71000700000002,129.740005,2508200
2017-11-01,129.779999,129.779999,131.759995,128.350006,131.580002,3461000
2017-11-02,129.119995,129.119995,129.570007,126.449997,129.389999,3824200
2017-11-03,132.720001,132.720001,132.869995,129.169998,130.490005,3612500
2017-11-06,134.070007,134.070007,134.279999,132.330002,132.490005,3170700
2017-11-07,134.28999299999998,134.28999299999998,134.889999,132.96000700000002,133.770004,3888400
2017-11-08,135.970001,135.970001,136.050003,133.66000400000001,134.16000400000001,2869300
2017-11-09,133.78999299999998,133.78999299999998,134.0,129.649994,132.66000400000001,6799800
2017-11-10,133.75,133.75,134.059998,132.139999,132.889999,2768200
2017-11-13,134.149994,134.149994,134.740005,132.229996,132.33999599999999,3131000
2017-11-14,132.800003,132.800003,133.240005,130.83999599999999,132.800003,3791700
2017-11-15,130.850006,130.850006,131.949997,128.759995,131.100006,3361200
2017-11-16,135.75,135.75,136.71000700000002,132.83999599999999,132.91000400000001,3368900
2017-11-17,134.229996,134.229996,136.16000400000001,133.869995,135.889999,2889700
2017-11-20,133.899994,133.899994,134.899994,133.360001,134.440002,2085800
2017-11-21,138.119995,138.119995,138.399994,135.630005,135.770004,2947600
2017-11-22,138.669998,138.669998,139.110001,137.830002,138.610001,2504900
2017-11-24,140.229996,140.229996,140.33999599999999,138.940002,139.199997,1664700
2017-11-27,140.0,140.0,141.020004,139.080002,140.050003,2784900
2017-11-28,141.029999,141.029999,141.350006,138.71000700000002,140.949997,2929400
2017-11-29,133.779999,133.779999,140.679993,131.759995,140.679993,8678700
2017-11-30,137.100006,137.100006,137.83999599999999,134.449997,135.46000700000002,4949200
2017-12-01,135.270004,135.270004,137.229996,129.28999299999998,134.449997,7095600
2017-12-04,130.600006,130.600006,138.229996,130.190002,137.919998,6893500
2017-12-05,130.78999299999998,130.78999299999998,135.28999299999998,128.949997,130.369995,4811700
2017-12-06,132.520004,132.520004,133.149994,128.860001,129.33999599999999,3948300
2017-12-07,133.830002,133.830002,135.0,132.08999599999999,132.600006,3173200
2017-12-08,135.600006,135.600006,137.779999,135.0,136.800003,3683400
2017-12-11,138.71000700000002,138.71000700000002,138.880005,135.75,135.809998,2982000
2017-12-12,138.190002,138.190002,139.419998,137.320007,138.509995,3057400
2017-12-13,138.880005,138.880005,140.279999,138.380005,139.759995,3472600
2017-12-14,138.679993,138.679993,140.690002,138.149994,139.690002,2968600
2017-12-15,143.190002,143.190002,143.809998,139.53999299999998,140.300003,4652900
2017-12-18,146.869995,146.869995,147.28999299999998,145.399994,146.009995,3378400
2017-12-19,144.479996,144.479996,146.550003,143.130005,146.080002,4119500
2017-12-20,143.880005,143.880005,145.919998,142.08999599999999,145.860001,2964600
2017-12-21,143.809998,143.809998,145.71000700000002,143.320007,144.389999,2771600
2017-12-22,143.330002,143.330002,143.490005,142.119995,143.199997,1770500
2017-12-26,141.009995,141.009995,141.520004,139.389999,141.03999299999998,2036100
2017-12-27,141.009995,141.009995,142.139999,140.600006,141.020004,1883200
2017-12-28,141.389999,141.389999,142.389999,140.979996,142.259995,1947100
2017-12-29,138.720001,138.720001,141.919998,138.619995,141.919998,2856600
2018-01-02,145.83999599999999,145.83999599999999,146.139999,139.889999,140.899994,3822300
2018-01-03,150.110001,150.110001,150.66000400000001,146.41000400000001,146.429993,3551000
2018-01-04,150.990005,150.990005,152.41000400000001,150.46000700000002,151.869995,2917700
2018-01-05,155.550003,155.550003,155.880005,152.309998,153.100006,3432500
2018-01-08,157.279999,157.279999,157.600006,155.380005,155.529999,3010500
2018-01-09,157.399994,157.399994,158.770004,156.0,158.240005,4340400
2018-01-10,156.279999,156.279999,156.33999599999999,153.21000700000002,155.21000700000002,3993900
2018-01-11,159.41000400000001,159.41000400000001,159.41000400000001,156.33999599999999,157.070007,3118300
2018-01-12,162.78999299999998,162.78999299999998,163.41000400000001,158.419998,158.869995,3731700
2018-01-16,161.529999,161.529999,168.669998,160.080002,166.080002,6875900
2018-01-17,166.619995,166.619995,167.449997,161.470001,163.679993,3442700
2018-01-18,166.779999,166.779999,167.889999,164.71000700000002,165.889999,3933100
2018-01-19,168.380005,168.380005,169.100006,165.850006,168.21000700000002,3539500
2018-01-22,173.639999,173.639999,173.639999,167.550003,167.979996,4327600
2018-01-23,178.03999299999998,178.03999299999998,178.470001,175.03999299999998,175.309998,5389300
2018-01-24,174.429993,174.429993,180.259995,171.449997,179.009995,8711400
2018-01-25,174.21000700000002,174.21000700000002,178.199997,172.570007,178.070007,5554200
2018-01-26,181.990005,181.990005,181.990005,176.080002,177.0,4434900
2018-01-29,179.580002,179.580002,182.139999,178.41000400000001,180.91000400000001,5514500
2018-01-30,174.990005,174.990005,177.350006,172.279999,174.580002,5521100
2018-01-31,177.149994,177.149994,179.059998,174.0,178.050003,4624900
2018-02-01,172.720001,172.720001,178.199997,170.880005,173.229996,5332000
2018-02-02,162.169998,162.169998,171.830002,161.91000400000001,170.78999299999998,7924400
2018-02-05,143.449997,143.449997,165.639999,142.610001,157.75,9609500
2018-02-06,154.509995,154.509995,155.0,135.029999,136.820007,9974300
2018-02-07,148.399994,148.399994,157.990005,148.399994,153.059998,7338000
2018-02-08,130.009995,130.009995,150.139999,130.0,149.929993,9016900
2018-02-09,136.130005,136.130005,139.149994,121.199997,135.199997,13347700
2018-02-12,143.75,143.75,146.389999,137.229996,140.779999,7294000
2018-02-13,145.5,145.5,146.600006,140.369995,141.229996,4502300
2018-02-14,154.020004,154.020004,154.619995,143.169998,143.320007,7004800
2018-02-15,162.070007,162.070007,162.279999,153.179993,158.0,7932300
2018-02-16,160.259995,160.259995,165.470001,159.350006,160.889999,7106400
2018-02-20,161.059998,161.059998,165.240005,158.270004,158.419998,6077900
2018-02-21,159.610001,159.610001,168.21000700000002,159.5,163.369995,7394900
2018-02-22,159.639999,159.639999,164.350006,158.419998,161.929993,6941800
2018-02-23,169.149994,169.149994,169.259995,161.53999299999998,163.259995,5948700
2018-02-26,175.940002,175.940002,176.020004,171.440002,171.809998,5581300
2018-02-27,169.639999,169.639999,177.190002,169.419998,176.25,7221200
2018-02-28,166.229996,166.229996,174.149994,166.059998,172.470001,6375600
2018-03-01,158.229996,158.229996,168.820007,153.679993,166.600006,10496500
2018-03-02,162.580002,162.580002,163.33999599999999,150.779999,152.679993,8058300
2018-03-05,167.679993,167.679993,169.119995,158.360001,160.28999299999998,6203400
2018-03-06,169.800003,169.800003,171.690002,166.800003,170.179993,5919200
2018-03-07,171.070007,171.070007,171.5,165.220001,166.08999599999999,5573500
2018-03-08,173.619995,173.619995,174.220001,171.110001,172.979996,4798700
2018-03-09,183.729996,183.729996,183.729996,176.779999,177.559998,6139500
2018-03-12,186.479996,186.479996,188.169998,184.33999599999999,185.5,5528300
2018-03-13,179.71000700000002,179.71000700000002,188.169998,177.860001,185.5,7595500
2018-03-14,179.100006,179.100006,182.529999,176.800003,181.979996,5567600
2018-03-15,178.300003,178.300003,181.809998,176.639999,179.639999,4620700
2018-03-16,177.119995,177.119995,180.679993,176.800003,179.320007,3261200
2018-03-19,166.0,166.0,172.490005,161.070007,172.490005,8093000
2018-03-20,167.220001,167.220001,168.399994,164.169998,166.03999299999998,3841400
2018-03-21,164.800003,164.800003,170.600006,162.740005,166.0,5520700
2018-03-22,152.759995,152.759995,161.600006,152.199997,158.399994,8578300
2018-03-23,140.419998,140.419998,153.5,140.419998,152.199997,9066600
2018-03-26,156.220001,156.220001,156.83999599999999,142.380005,149.0,7646000
2018-03-27,141.240005,141.240005,159.889999,137.169998,159.889999,11400600
2018-03-28,136.369995,136.369995,142.820007,133.0,138.770004,10095400
2018-03-29,143.919998,143.919998,147.699997,134.529999,138.440002,8190200
